{"cameraMode":{"drawMode":0,"name":"Shaded","section":"Shading Mode"},"sceneLighting":false,"audioPlay":false,"sceneViewState":{"showFog":true,"showMaterialUpdate":false,"showSkybox":false,"showFlares":true,"showImageEffects":true,"showParticleSystems":true},"in2DMode":false,"pivot":{"x":-8.389999389648438,"y":0.9275000095367432,"z":26.55499839782715},"rotation":{"x":0.340781033039093,"y":0.052432745695114139,"z":-0.019038595259189607,"w":0.9384967088699341},"size":2.834268808364868,"orthographic":false}