{"cameraMode":{"drawMode":0,"name":"Shaded","section":"Shading Mode"},"sceneLighting":true,"audioPlay":false,"sceneViewState":{"showFog":true,"showMaterialUpdate":false,"showSkybox":true,"showFlares":true,"showImageEffects":true,"showParticleSystems":true},"in2DMode":false,"pivot":{"x":-6.293768405914307,"y":2.9471077919006349,"z":27.570728302001954},"rotation":{"x":0.340781033039093,"y":0.052432745695114139,"z":-0.019038595259189607,"w":0.9384967088699341},"size":1.1750450134277344,"orthographic":false}