{"cameraMode":{"drawMode":0,"name":"Shaded","section":"Shading Mode"},"sceneLighting":true,"audioPlay":false,"sceneViewState":{"showFog":true,"showMaterialUpdate":false,"showSkybox":true,"showFlares":true,"showImageEffects":true,"showParticleSystems":true},"in2DMode":false,"pivot":{"x":0.5859019756317139,"y":0.1117163896560669,"z":7.168277263641357},"rotation":{"x":-0.16505900025367738,"y":0.27611762285232546,"z":-0.04819471016526222,"w":-0.9456225633621216},"size":2.8120038509368898,"orthographic":false}