{"cameraMode":{"drawMode":0,"name":"Shaded","section":"Shading Mode"},"sceneLighting":false,"audioPlay":false,"sceneViewState":{"showFog":true,"showMaterialUpdate":false,"showSkybox":false,"showFlares":true,"showImageEffects":true,"showParticleSystems":true},"in2DMode":false,"pivot":{"x":-8.496885299682618,"y":0.8433592319488525,"z":26.87571144104004},"rotation":{"x":0.16462089121341706,"y":0.8046305179595947,"z":-0.26112857460975649,"w":0.5072529911994934},"size":2.834268808364868,"orthographic":false}