{"cameraMode":{"drawMode":0,"name":"Shaded","section":"Shading Mode"},"sceneLighting":true,"audioPlay":false,"sceneViewState":{"showFog":true,"showMaterialUpdate":false,"showSkybox":true,"showFlares":true,"showImageEffects":true,"showParticleSystems":true},"in2DMode":false,"pivot":{"x":0.05487322807312012,"y":2.6322996616363527,"z":7.906025409698486},"rotation":{"x":-0.16505900025367738,"y":0.27611762285232546,"z":-0.04819471016526222,"w":-0.9456225633621216},"size":5.926305770874023,"orthographic":false}